{"Accuracy": 0.7833333333333333, "Precision": 0.7083333333333334, "Recall": 0.7391304347826086, "F1 Score": 0.723404255319149}