{"Accuracy": 0.7777777777777778, "Precision": 0.7567567567567568, "Recall": 0.717948717948718, "F1 Score": 0.736842105263158}